Category|ID|Name

Main|001|Love is War
Main|002|The World is Mine
Main|005|Melt
Main|007|Strobo Nights
Main|008|Star Story
Main|009|Last Night, Good Night
Main|010|Packaged
Main|012|Marginal
Main|013|Grumpy Waltz
Main|014|Miracle Paint
Main|016|VOC@LOID in Love
Main|022|The secret garden
Main|028|I'll Miku-Miku You♪ (For Reals)
Main|030|Electric Angel
Main|031|I'm Your Diva
Main|032|The Disappearance of Hatsune Miku
Main|037|When First Love Ends
Main|038|Look This Way, Baby
Main|039|Finder (DSLR remix - re:edit)
Main|040|Yellow
Main|041|Colorful × Melody
Main|042|The Intense Voice of Hatsune Miku
Main|043|Romeo and Cinderella
Main|044|Magnet
Main|045|Dear
Main|046|from Y to Y
Main|047|Gemini
Main|048|Aikotoba
Main|049|Po Pi Po
Main|050|Saihate
Main|051|VOiCE -DIVA　MIX-
Main|052|Love-Colored Ward
Main|053|Gigantic Girl
Main|054|Roshin Yukai
Main|055|Kokoro
Main|056|Butterfly on Your Right Shoulder
Main|057|Double Lariat
Main|058|Cantarella
Main|059|Change Me
Main|060|Sound
Main|061|Clover♣Club
Main|062|Promise
Main|065|The First Sound
Main|066|Just Be Friends
Main|068|Electric Angel
Main|079|SPiCa -39's Giving Day Edition-
Main|081|Though My Song Has No Form
Main|082|Two-Sided Lovers
Main|083|*Hello, Planet.
Main|085|Solitude's End -extend edition-
Main|086|Puzzle
Main|087|Palette
Main|088|Thousand Year Solo (DIVA Edit)
Main|089|Lover's Suicide Oblivion
Main|090|Close and Open, Demons and The Dead
Main|091|Rolling Girl
Main|092|Starduster
Main|093|Paradichlorobenzene
Main|094|Wintry Winds
Main|095|NekoMimi Switch
Main|096|Sekiranun Graffiti
Main|097|RinRin Signal -Append Mix-
Main|102|Quartet of Multiple Futures -Quartet Theme-
Main|103|AFTER BURNER
Main|104|LIKE THE WIND
Main|201|Stardust Utopia
Main|202|StargazeR
Main|212|Colorful × Sexy
Main|213|Luka Luka ★ Night Fever
Main|215|Leia
Main|218|The Snow White Princess is...
Main|219|Deep Sea Girl
Main|220|World's End Dance Hall -Live Dance Edition-
Main|221|NekoMimi Archive
Main|222|Black Gold
Main|224|Rosary Pale
Main|225|Yumeyume
Main|226|On The Rocks
Main|227|Mousou Sketch
Main|228|No Logic
Main|231|Kipple Industry Inc.
Main|232|39
Main|234|Deep Sea City Underground
Main|238|SING&SMILE
Main|239|Tricolore Airline
Main|240|Systematic Love
Main|241|Electrosaturator
Main|242|1/6 -out of the gravity-
Main|243|Interviewer
Main|244|Snowman
Main|246|Terekakushi Shishunki
Main|247|Sweet Magic
Main|248|Arifureta Sekai Seifuku
Main|249|Ageage Again
Main|250|Nice To Meet You, Mr. Earthling
Main|251|PIANO*GIRL
Main|253|LOL -lots of laugh-
Main|254|Amatsu Kitsune
Main|255|Gaikotsu Gakudan to Riria
Main|257|shake it!
Main|259|Cendrillon
Main|260|Adolescence
Main|261|Kimi no Taion
Main|262|Piano × Forte × Scandal
Main|263|1925
Main|265|Hibikase
Main|266|Ghost Rule
Main|267|Suna no Wakusei feat. Hatsune Miku
Main|268|Catch the Wave
Main|269|39 Music!
Main|270|Alien Alien
Main|271|Teo
Main|272|HIBANA
Main|273|ROKI
Main|274|Jigsaw puzzle
Main|275|Dreamin Chuchu
Main|276|Ooedo Julianight
Main|277|JITTERBUG
Main|278|Bless Your Breath
Main|279|BRING IT ON
Main|280|Dramaturgy
Main|281|Greenlights Serenade
Main|433|Paris Cinema Girl
Main|435|Denparadigm
Main|600|Cat Food
Main|601|Monochrome∞Blue Sky
Main|602|Fire◎Flower
Main|603|DYE
Main|604|Torinokocity
Main|605|Hm? Ah, Yes.
Main|607|Secret Police
Main|608|What Do You Mean!?
Main|609|God-Tier Tune
Main|610|Nyanyanyanyanyanyanya!
Main|611|ACUTE
Main|612|Time Machine
Main|613|Ashes to Ashes
Main|614|Glasses
Main|615|Melancholic
Main|616|Unhappy Refrain
Main|617|The MMORPG Addict's Anthem
Main|619|Tengaku
Main|620|Remote Controller
Main|621|Nostalogic
Main|622|Stay with me
Main|623|Sadistic.Music∞Factory
Main|624|Summer Idol
Main|625|Odds & Ends
Main|626|Weekender Girl
Main|627|World's End Umbrella
Main|628|Freely Tomorrow
Main|629|Negaposi＊Continues
Main|630|Black★Rock Shooter
Main|631|Continuing Dream
Main|637|Senbonzakura -F edition-
Main|638|Tell Your World
Main|639|Tokyo Teddy Bear
Main|640|Dream-Eating Monochrome Baku
Main|641|Rin-chan Now!
Main|642|Sweet Devil
Main|710|Sakura no Ame
Main|722|Meteor
Main|723|2D Dream Fever
Main|724|Envy Cat Walk
Main|725|Pinky Swear
Main|726|Karakuri Pierrot
Main|727|Love-Hate
Main|728|Erase or Zero
Main|729|This is the Happiness and Peace of Mind Committee
Main|730|Hello, Worker
Main|731|Knife
Main|732|Akatsuki Arrival
Main|733|Doubleganger
Main|734|Break It, Break It!
Main|736|Two Breaths Walking
Main|737|Soundless Voice
Main|738|Blackjack
Main|739|Decorator
Main|740|Glory 3usi9
Main|744|Piano X Forte X Scandal
Main|832|Hand in Hand

DLC|003|That One Second in Slow Motion
DLC|004|Jaded
DLC|005|Melt
DLC|006|Far Away
DLC|011|Rain With A Chance of Sweet*Drops
DLC|015|Dreaming Leaf
DLC|017|A Song of Wastelands, Forests, and Magic
DLC|018|Song of Life
DLC|020|moon
DLC|021|Beware of the Miku Miku Germs♪
DLC|023|Dear cocoa girls
DLC|024|Velvet Arabesque
DLC|025|Updating My Love List?
DLC|029|Requiem for the Phantasma
DLC|063|I Really Do Understand
DLC|064|Innocence
DLC|067|Requiem for the Phantasma
DLC|084|To the End of Infinity
DLC|101|Magical Sound Shower
DLC|203|Solitude's End
DLC|204|Time Limit
DLC|205|Holy Star -2010 DIVA mix-
DLC|206|melody...
DLC|208|Meiteki Cybernetics
DLC|209|Pink Moon
DLC|210|Transparent Watercolors
DLC|211|Iroha Uta
DLC|214|Butterfly on Your Right Shoulder -39's Giving Day Edition-
DLC|216|Senbonzakura
DLC|223|Out of Eden
DLC|233|The Two of Us - Futaride
DLC|235|Lucid Dreaming
DLC|236|Absolunote
DLC|401|One-Sided Love Samba
DLC|402|Sayonara, Goodbye
DLC|403|Disruptive Diva
DLC|404|ZIGG-ZAGG
DLC|405|Nightmare ☆ Party Night
DLC|407|Love's note
DLC|408|SYMPHONIC DIVE - DIVA FT edit -
DLC|409|How'd It Get To Be Like This?
DLC|410|Wolf Girl
DLC|411|Starlite★Lydian
DLC|412|Perico Space Shipper
DLC|413|Master of Puppets
DLC|414|Pane dhiria
DLC|415|The Star Maker
DLC|416|So Much Loving You★ -DIVA Edit-
DLC|417|Jugemu Sequencer
DLC|418|Now Choose
DLC|419|Iya Iya Seijin
DLC|420|Equation+**
DLC|421|Betty The Liar
DLC|422|Dance of Many
DLC|423|maigo life
DLC|424|High School Days - DIVA EDIT
DLC|425|Soiyassa!!
DLC|426|break;down
DLC|427|Hanamai Tsukuyomi Tan
DLC|428|Francisca
DLC|429|Song of Eternity -DIVAMIX-
DLC|430|slump
DLC|431|Gothic and Loneliness ～I'm the very DIVA～
DLC|432|Here Comes Karakasa-san
DLC|434|Oha-Yo-del!!
DLC|436|Travel to The Other Side of The Moon
DLC|437|"Let Me Lose Myself in The Black Note "
DLC|438|Step Forward
DLC|439|Kimi Ni
DLC|440|Knight of Light
DLC|441|Mellow Yellow
DLC|442|Gizmo
DLC|443|Idol Radio (Game Edit)
DLC|618|Kagamine HachiHachi Flower Fight

Restore Cut Songs|019|White Dove
Restore Cut Songs|027|Ievan Polkka
Restore Cut Songs|207|Saturation

F2nd Song Pack|002|The World is Mine -F2nd Edition-
F2nd Song Pack|005|Melt -F2nd Edition-
F2nd Song Pack|010|Packaged -F2nd Edition-
F2nd Song Pack|012|Marginal -F2nd Edition-
F2nd Song Pack|014|Miracle Paint -F2nd Edition-
F2nd Song Pack|028|I'll Miku-Miku You♪ (For Reals) -F2nd Edition-
F2nd Song Pack|030|Electric Angel -F2nd Edition-
F2nd Song Pack|037|When First Love Ends -F2nd Edition-
F2nd Song Pack|038|Look This Way, Baby -F2nd Edition-
F2nd Song Pack|040|Yellow -F2nd Edition-
F2nd Song Pack|041|Colorful × Melody -F2nd Edition-
F2nd Song Pack|042|The Intense Voice of Hatsune Miku -F2nd Edition-
F2nd Song Pack|043|Romeo and Cinderella -F2nd Edition-
F2nd Song Pack|044|magnet -F2nd Edition-
F2nd Song Pack|048|Aikotoba -F2nd Edition-
F2nd Song Pack|054|Roshin Yukai -F2nd Edition-
F2nd Song Pack|055|Kokoro -F2nd Edition-
F2nd Song Pack|057|Double Lariat -F2nd Edition-
F2nd Song Pack|059|Change me -F2nd Edition-
F2nd Song Pack|061|Clover♣Club -F2nd Edition-
F2nd Song Pack|062|Promise -F2nd Edition-
F2nd Song Pack|066|Just Be Friends -F2nd Edition-
F2nd Song Pack|079|SPiCa -F2nd's 39's Giving Day Edition-
F2nd Song Pack|081|Though My Song Has No Form -F2nd Edition-
F2nd Song Pack|082|Two-Sided Lovers -F2nd Edition-
F2nd Song Pack|084|To the End of Infinity -F2nd Edition-
F2nd Song Pack|085|Solitude's End -F2nd Edition-
F2nd Song Pack|088|Thousand Year Solo (DIVA edit) -F2nd Edition-
F2nd Song Pack|090|Close and Open, Demons and The Dead -F2nd Edition-
F2nd Song Pack|091|Rolling Girl -F2nd Edition-
F2nd Song Pack|093|Paradichlorobenzene -F2nd Edition-
F2nd Song Pack|094|Wintry Winds -F2nd Edition-
F2nd Song Pack|096|Sekiranun Graffiti -F2nd Edition-
F2nd Song Pack|213|Luka Luka ★ Night Fever -F2nd Edition-
F2nd Song Pack|224|Rosary Pale -F2nd Edition-
F2nd Song Pack|606|World's End Dance Hall -F Edition-
F2nd Song Pack|643|Po Pi Po F's Special edition
F2nd Song Pack|721|Kagerou Daze
F2nd Song Pack|735|Cantarella ～grace edition～

X Song Pack|800|Hand in Hand -X Edition-
X Song Pack|801|Strangers
X Song Pack|802|Ai Dee
X Song Pack|803|Streaming Heart
X Song Pack|804|Babylon
X Song Pack|805|The Lost One's Weeping
X Song Pack|806|Slow Motion
X Song Pack|807|Tale of the Deep-sea Lily
X Song Pack|808|Love Trial
X Song Pack|809|Love Song
X Song Pack|810|The First Sound -X Edition-
X Song Pack|811|LOL -lots of laugh- -X Edition-
X Song Pack|812|Patchwork Stacatto
X Song Pack|813|Even a Kunoichi Needs Love
X Song Pack|814|Calc.
X Song Pack|815|A Single Red Leaf
X Song Pack|816|Holy Lance Explosion Boy
X Song Pack|817|Urotander, Underhanded Rangers
X Song Pack|818|Humorous Dream of Mrs. Pumpkin
X Song Pack|819|Solitary Envy
X Song Pack|820|Raspberry＊Monster
X Song Pack|821|Brain Revolution Girl
X Song Pack|822|Amazing Dolce
X Song Pack|823|Name of the Sin
X Song Pack|824|Satisfaction
X Song Pack|825|Cute Medley - Idol Sounds
X Song Pack|826|Beginning Medley - Primary Colors
X Song Pack|827|Cool Medley - Cyber Rock Jam
X Song Pack|828|Elegant Medley - Glossy Mixture
X Song Pack|829|Quirky Medley - Giga-Remix
X Song Pack|830|Ending Medley - Ultimate Exquisite Rampage
X Song Pack|831|Sharing The World